<?xml version="1.0" encoding="UTF-8"?>
<GenRun Id="rom5_synth_1" LaunchPart="xc7a100tcsg324-1" LaunchTime="1640141624">
  <File Type="PA-TCL" Name="rom5.tcl"/>
  <File Type="RDS-PROPCONSTRS" Name="rom5_drc_synth.rpt"/>
  <File Type="REPORTS-TCL" Name="rom5_reports.tcl"/>
  <File Type="RDS-RDS" Name="rom5.vds"/>
  <File Type="RDS-UTIL" Name="rom5_utilization_synth.rpt"/>
  <File Type="RDS-UTIL-PB" Name="rom5_utilization_synth.pb"/>
  <File Type="RDS-DCP" Name="rom5.dcp"/>
  <File Type="VDS-TIMINGSUMMARY" Name="rom5_timing_summary_synth.rpt"/>
  <File Type="VDS-TIMING-PB" Name="rom5_timing_summary_synth.pb"/>
  <FileSet Name="sources" Type="BlockSrcs" RelSrcDir="$PSRCDIR/rom5">
    <File Path="$PSRCDIR/sources_1/ip/rom5/rom5.xci">
      <FileInfo>
        <Attr Name="UsedIn" Val="synthesis"/>
        <Attr Name="UsedIn" Val="implementation"/>
        <Attr Name="UsedIn" Val="simulation"/>
      </FileInfo>
    </File>
    <Config>
      <Option Name="TopModule" Val="rom5"/>
      <Option Name="UseBlackboxStub" Val="1"/>
    </Config>
  </FileSet>
  <FileSet Name="constrs_in" Type="BlockSrcs" RelSrcDir="$PSRCDIR/rom5">
    <File Path="$PSRCDIR/sources_1/ip/rom5/rom5.xci">
      <FileInfo>
        <Attr Name="UsedIn" Val="synthesis"/>
        <Attr Name="UsedIn" Val="implementation"/>
        <Attr Name="UsedIn" Val="simulation"/>
      </FileInfo>
    </File>
    <Config>
      <Option Name="TopModule" Val="rom5"/>
      <Option Name="UseBlackboxStub" Val="1"/>
    </Config>
  </FileSet>
  <FileSet Name="utils" Type="Utils" RelSrcDir="$PSRCDIR/utils_1">
    <Filter Type="Utils"/>
    <Config>
      <Option Name="TopAutoSet" Val="TRUE"/>
    </Config>
  </FileSet>
  <Strategy Version="1" Minor="2">
    <StratHandle Name="Vivado Synthesis Defaults" Flow="Vivado Synthesis 2019">
      <Desc>Vivado Synthesis Defaults</Desc>
    </StratHandle>
    <Step Id="synth_design"/>
  </Strategy>
</GenRun>
