<?xml version="1.0" encoding="UTF-8"?>
<GenRun Id="impl_1" LaunchPart="xc7a100tcsg324-1" LaunchTime="1637679299">
  <File Type="BITSTR-BMM" Name="DIO_bd.bmm"/>
  <File Type="OPT-METHODOLOGY-DRC" Name="DIO_methodology_drc_opted.rpt"/>
  <File Type="INIT-TIMING" Name="DIO_timing_summary_init.rpt"/>
  <File Type="ROUTE-PWR" Name="DIO_power_routed.rpt"/>
  <File Type="PA-TCL" Name="DIO.tcl"/>
  <File Type="OPT-TIMING" Name="DIO_timing_summary_opted.rpt"/>
  <File Type="OPT-DCP" Name="DIO_opt.dcp"/>
  <File Type="ROUTE-PWR-SUM" Name="DIO_power_summary_routed.pb"/>
  <File Type="REPORTS-TCL" Name="DIO_reports.tcl"/>
  <File Type="OPT-DRC" Name="DIO_drc_opted.rpt"/>
  <File Type="OPT-HWDEF" Name="DIO.hwdef"/>
  <File Type="PWROPT-DCP" Name="DIO_pwropt.dcp"/>
  <File Type="PWROPT-DRC" Name="DIO_drc_pwropted.rpt"/>
  <File Type="PWROPT-TIMING" Name="DIO_timing_summary_pwropted.rpt"/>
  <File Type="PLACE-DCP" Name="DIO_placed.dcp"/>
  <File Type="PLACE-IO" Name="DIO_io_placed.rpt"/>
  <File Type="PLACE-CLK" Name="DIO_clock_utilization_placed.rpt"/>
  <File Type="PLACE-UTIL" Name="DIO_utilization_placed.rpt"/>
  <File Type="PLACE-UTIL-PB" Name="DIO_utilization_placed.pb"/>
  <File Type="PLACE-CTRL" Name="DIO_control_sets_placed.rpt"/>
  <File Type="PLACE-SIMILARITY" Name="DIO_incremental_reuse_placed.rpt"/>
  <File Type="PLACE-PRE-SIMILARITY" Name="DIO_incremental_reuse_pre_placed.rpt"/>
  <File Type="BG-BGN" Name="DIO.bgn"/>
  <File Type="PLACE-TIMING" Name="DIO_timing_summary_placed.rpt"/>
  <File Type="POSTPLACE-PWROPT-DCP" Name="DIO_postplace_pwropt.dcp"/>
  <File Type="BG-BIN" Name="DIO.bin"/>
  <File Type="POSTPLACE-PWROPT-TIMING" Name="DIO_timing_summary_postplace_pwropted.rpt"/>
  <File Type="PHYSOPT-DCP" Name="DIO_physopt.dcp"/>
  <File Type="PHYSOPT-DRC" Name="DIO_drc_physopted.rpt"/>
  <File Type="BITSTR-MSK" Name="DIO.msk"/>
  <File Type="PHYSOPT-TIMING" Name="DIO_timing_summary_physopted.rpt"/>
  <File Type="ROUTE-ERROR-DCP" Name="DIO_routed_error.dcp"/>
  <File Type="ROUTE-DCP" Name="DIO_routed.dcp"/>
  <File Type="ROUTE-BLACKBOX-DCP" Name="DIO_routed_bb.dcp"/>
  <File Type="ROUTE-DRC" Name="DIO_drc_routed.rpt"/>
  <File Type="ROUTE-DRC-PB" Name="DIO_drc_routed.pb"/>
  <File Type="BITSTR-LTX" Name="debug_nets.ltx"/>
  <File Type="BITSTR-LTX" Name="DIO.ltx"/>
  <File Type="ROUTE-DRC-RPX" Name="DIO_drc_routed.rpx"/>
  <File Type="BITSTR-MMI" Name="DIO.mmi"/>
  <File Type="ROUTE-METHODOLOGY-DRC" Name="DIO_methodology_drc_routed.rpt"/>
  <File Type="ROUTE-METHODOLOGY-DRC-RPX" Name="DIO_methodology_drc_routed.rpx"/>
  <File Type="BITSTR-SYSDEF" Name="DIO.sysdef"/>
  <File Type="ROUTE-METHODOLOGY-DRC-PB" Name="DIO_methodology_drc_routed.pb"/>
  <File Type="ROUTE-PWR-RPX" Name="DIO_power_routed.rpx"/>
  <File Type="ROUTE-STATUS" Name="DIO_route_status.rpt"/>
  <File Type="ROUTE-STATUS-PB" Name="DIO_route_status.pb"/>
  <File Type="ROUTE-TIMINGSUMMARY" Name="DIO_timing_summary_routed.rpt"/>
  <File Type="ROUTE-TIMING-PB" Name="DIO_timing_summary_routed.pb"/>
  <File Type="ROUTE-TIMING-RPX" Name="DIO_timing_summary_routed.rpx"/>
  <File Type="ROUTE-SIMILARITY" Name="DIO_incremental_reuse_routed.rpt"/>
  <File Type="ROUTE-CLK" Name="DIO_clock_utilization_routed.rpt"/>
  <File Type="ROUTE-BUS-SKEW" Name="DIO_bus_skew_routed.rpt"/>
  <File Type="ROUTE-BUS-SKEW-PB" Name="DIO_bus_skew_routed.pb"/>
  <File Type="ROUTE-BUS-SKEW-RPX" Name="DIO_bus_skew_routed.rpx"/>
  <File Type="POSTROUTE-PHYSOPT-DCP" Name="DIO_postroute_physopt.dcp"/>
  <File Type="POSTROUTE-PHYSOPT-BLACKBOX-DCP" Name="DIO_postroute_physopt_bb.dcp"/>
  <File Type="POSTROUTE-PHYSOPT-TIMING" Name="DIO_timing_summary_postroute_physopted.rpt"/>
  <File Type="POSTROUTE-PHYSOPT-TIMING-PB" Name="DIO_timing_summary_postroute_physopted.pb"/>
  <File Type="POSTROUTE-PHYSOPT-TIMING-RPX" Name="DIO_timing_summary_postroute_physopted.rpx"/>
  <File Type="POSTROUTE-PHYSOPT-BUS-SKEW" Name="DIO_bus_skew_postroute_physopted.rpt"/>
  <File Type="POSTROUTE-PHYSOPT-BUS-SKEW-PB" Name="DIO_bus_skew_postroute_physopted.pb"/>
  <File Type="BG-BIT" Name="DIO.bit"/>
  <File Type="POSTROUTE-PHYSOPT-BUS-SKEW-RPX" Name="DIO_bus_skew_postroute_physopted.rpx"/>
  <File Type="BITSTR-RBT" Name="DIO.rbt"/>
  <File Type="BITSTR-NKY" Name="DIO.nky"/>
  <File Type="BG-DRC" Name="DIO.drc"/>
  <File Type="RDI-RDI" Name="DIO.vdi"/>
  <File Type="WBT-USG" Name="usage_statistics_webtalk.html"/>
  <FileSet Name="sources" Type="DesignSrcs" RelSrcDir="$PSRCDIR/sources_1">
    <Filter Type="Srcs"/>
    <File Path="$PSRCDIR/sources_1/imports/sources_1/new/AR.v">
      <FileInfo>
        <Attr Name="ImportPath" Val="$PPRDIR/../DIO/DIO.srcs/sources_1/new/AR.v"/>
        <Attr Name="ImportTime" Val="1637493928"/>
        <Attr Name="UsedIn" Val="synthesis"/>
        <Attr Name="UsedIn" Val="implementation"/>
        <Attr Name="UsedIn" Val="simulation"/>
      </FileInfo>
    </File>
    <File Path="$PSRCDIR/sources_1/imports/sources_1/new/DR.v">
      <FileInfo>
        <Attr Name="ImportPath" Val="$PPRDIR/../DIO/DIO.srcs/sources_1/new/DR.v"/>
        <Attr Name="ImportTime" Val="1637496984"/>
        <Attr Name="UsedIn" Val="synthesis"/>
        <Attr Name="UsedIn" Val="implementation"/>
        <Attr Name="UsedIn" Val="simulation"/>
      </FileInfo>
    </File>
    <File Path="$PSRCDIR/sources_1/imports/sources_1/new/EDC.v">
      <FileInfo>
        <Attr Name="ImportPath" Val="$PPRDIR/../DIO/DIO.srcs/sources_1/new/EDC.v"/>
        <Attr Name="ImportTime" Val="1637474202"/>
        <Attr Name="UsedIn" Val="synthesis"/>
        <Attr Name="UsedIn" Val="implementation"/>
        <Attr Name="UsedIn" Val="simulation"/>
      </FileInfo>
    </File>
    <File Path="$PSRCDIR/sources_1/imports/sources_1/new/PS.v">
      <FileInfo>
        <Attr Name="ImportPath" Val="$PPRDIR/../DIO/DIO.srcs/sources_1/new/PS.v"/>
        <Attr Name="ImportTime" Val="1637501490"/>
        <Attr Name="UsedIn" Val="synthesis"/>
        <Attr Name="UsedIn" Val="implementation"/>
        <Attr Name="UsedIn" Val="simulation"/>
      </FileInfo>
    </File>
    <File Path="$PSRCDIR/sources_1/imports/sources_1/new/PS2.v">
      <FileInfo>
        <Attr Name="ImportPath" Val="$PPRDIR/../DIO/DIO.srcs/sources_1/new/PS2.v"/>
        <Attr Name="ImportTime" Val="1637502474"/>
        <Attr Name="UsedIn" Val="synthesis"/>
        <Attr Name="UsedIn" Val="implementation"/>
        <Attr Name="UsedIn" Val="simulation"/>
      </FileInfo>
    </File>
    <File Path="$PSRCDIR/sources_1/imports/sources_1/new/RF.v">
      <FileInfo>
        <Attr Name="ImportPath" Val="$PPRDIR/../DIO/DIO.srcs/sources_1/new/RF.v"/>
        <Attr Name="ImportTime" Val="1637474084"/>
        <Attr Name="UsedIn" Val="synthesis"/>
        <Attr Name="UsedIn" Val="implementation"/>
        <Attr Name="UsedIn" Val="simulation"/>
      </FileInfo>
    </File>
    <File Path="$PSRCDIR/sources_1/imports/sources_1/imports/new/counter.v">
      <FileInfo>
        <Attr Name="ImportPath" Val="$PPRDIR/../DIO/DIO.srcs/sources_1/imports/new/counter.v"/>
        <Attr Name="ImportTime" Val="1637475756"/>
        <Attr Name="UsedIn" Val="synthesis"/>
        <Attr Name="UsedIn" Val="implementation"/>
        <Attr Name="UsedIn" Val="simulation"/>
      </FileInfo>
    </File>
    <File Path="$PSRCDIR/sources_1/imports/sources_1/new/d_trigger.v">
      <FileInfo>
        <Attr Name="ImportPath" Val="$PPRDIR/../DIO/DIO.srcs/sources_1/new/d_trigger.v"/>
        <Attr Name="ImportTime" Val="1637494527"/>
        <Attr Name="UsedIn" Val="synthesis"/>
        <Attr Name="UsedIn" Val="implementation"/>
        <Attr Name="UsedIn" Val="simulation"/>
      </FileInfo>
    </File>
    <File Path="$PSRCDIR/sources_1/imports/sources_1/new/db.v">
      <FileInfo>
        <Attr Name="ImportPath" Val="$PPRDIR/../DIO/DIO.srcs/sources_1/new/db.v"/>
        <Attr Name="ImportTime" Val="1637474149"/>
        <Attr Name="UsedIn" Val="synthesis"/>
        <Attr Name="UsedIn" Val="implementation"/>
        <Attr Name="UsedIn" Val="simulation"/>
      </FileInfo>
    </File>
    <File Path="$PSRCDIR/sources_1/imports/sources_1/imports/new/decoder7.v">
      <FileInfo>
        <Attr Name="ImportPath" Val="$PPRDIR/../DIO/DIO.srcs/sources_1/imports/new/decoder7.v"/>
        <Attr Name="ImportTime" Val="1637060943"/>
        <Attr Name="UsedIn" Val="synthesis"/>
        <Attr Name="UsedIn" Val="implementation"/>
        <Attr Name="UsedIn" Val="simulation"/>
      </FileInfo>
    </File>
    <File Path="$PSRCDIR/sources_1/imports/sources_1/imports/new/decodercnt.v">
      <FileInfo>
        <Attr Name="ImportPath" Val="$PPRDIR/../DIO/DIO.srcs/sources_1/imports/new/decodercnt.v"/>
        <Attr Name="ImportTime" Val="1637473921"/>
        <Attr Name="UsedIn" Val="synthesis"/>
        <Attr Name="UsedIn" Val="implementation"/>
        <Attr Name="UsedIn" Val="simulation"/>
      </FileInfo>
    </File>
    <File Path="$PSRCDIR/sources_1/imports/sources_1/imports/new/fpq.v">
      <FileInfo>
        <Attr Name="ImportPath" Val="$PPRDIR/../DIO/DIO.srcs/sources_1/imports/new/fpq.v"/>
        <Attr Name="ImportTime" Val="1637476261"/>
        <Attr Name="UsedIn" Val="synthesis"/>
        <Attr Name="UsedIn" Val="implementation"/>
        <Attr Name="UsedIn" Val="simulation"/>
      </FileInfo>
    </File>
    <File Path="$PSRCDIR/sources_1/imports/sources_1/new/fsm.v">
      <FileInfo>
        <Attr Name="ImportPath" Val="$PPRDIR/../DIO/DIO.srcs/sources_1/new/fsm.v"/>
        <Attr Name="ImportTime" Val="1637502348"/>
        <Attr Name="UsedIn" Val="synthesis"/>
        <Attr Name="UsedIn" Val="implementation"/>
        <Attr Name="UsedIn" Val="simulation"/>
      </FileInfo>
    </File>
    <File Path="$PSRCDIR/sources_1/imports/sources_1/imports/new/getall.v">
      <FileInfo>
        <Attr Name="ImportPath" Val="$PPRDIR/../DIO/DIO.srcs/sources_1/imports/new/getall.v"/>
        <Attr Name="ImportTime" Val="1637473981"/>
        <Attr Name="UsedIn" Val="synthesis"/>
        <Attr Name="UsedIn" Val="implementation"/>
        <Attr Name="UsedIn" Val="simulation"/>
      </FileInfo>
    </File>
    <File Path="$PSRCDIR/sources_1/imports/sources_1/imports/new/mux.v">
      <FileInfo>
        <Attr Name="ImportPath" Val="$PPRDIR/../DIO/DIO.srcs/sources_1/imports/new/mux.v"/>
        <Attr Name="ImportTime" Val="1637473983"/>
        <Attr Name="UsedIn" Val="synthesis"/>
        <Attr Name="UsedIn" Val="implementation"/>
        <Attr Name="UsedIn" Val="simulation"/>
      </FileInfo>
    </File>
    <File Path="$PSRCDIR/sources_1/imports/sources_1/new/DIO.v">
      <FileInfo>
        <Attr Name="ImportPath" Val="$PPRDIR/../DIO/DIO.srcs/sources_1/new/DIO.v"/>
        <Attr Name="ImportTime" Val="1637502536"/>
        <Attr Name="UsedIn" Val="synthesis"/>
        <Attr Name="UsedIn" Val="implementation"/>
        <Attr Name="UsedIn" Val="simulation"/>
      </FileInfo>
    </File>
    <File Path="$PSRCDIR/sources_1/new/sort.v">
      <FileInfo>
        <Attr Name="AutoDisabled" Val="1"/>
        <Attr Name="UsedIn" Val="synthesis"/>
        <Attr Name="UsedIn" Val="implementation"/>
        <Attr Name="UsedIn" Val="simulation"/>
      </FileInfo>
    </File>
    <Config>
      <Option Name="DesignMode" Val="RTL"/>
      <Option Name="TopModule" Val="DIO"/>
      <Option Name="TopAutoSet" Val="TRUE"/>
    </Config>
  </FileSet>
  <FileSet Name="constrs_in" Type="Constrs" RelSrcDir="$PSRCDIR/constrs_1">
    <Filter Type="Constrs"/>
    <File Path="$PSRCDIR/constrs_1/imports/Programs/Nexys4DDR_Master.xdc">
      <FileInfo>
        <Attr Name="ImportPath" Val="$PPRDIR/../DIO/DIO.srcs/constrs_1/imports/Programs/Nexys4DDR_Master.xdc"/>
        <Attr Name="ImportTime" Val="1637475305"/>
        <Attr Name="UsedIn" Val="synthesis"/>
        <Attr Name="UsedIn" Val="implementation"/>
      </FileInfo>
    </File>
    <Config>
      <Option Name="ConstrsType" Val="XDC"/>
    </Config>
  </FileSet>
  <FileSet Name="utils" Type="Utils" RelSrcDir="$PSRCDIR/utils_1">
    <Filter Type="Utils"/>
    <Config>
      <Option Name="TopAutoSet" Val="TRUE"/>
    </Config>
  </FileSet>
  <Strategy Version="1" Minor="2">
    <StratHandle Name="Vivado Implementation Defaults" Flow="Vivado Implementation 2019"/>
    <Step Id="init_design"/>
    <Step Id="opt_design"/>
    <Step Id="power_opt_design"/>
    <Step Id="place_design"/>
    <Step Id="post_place_power_opt_design"/>
    <Step Id="phys_opt_design"/>
    <Step Id="route_design"/>
    <Step Id="post_route_phys_opt_design"/>
    <Step Id="write_bitstream"/>
  </Strategy>
</GenRun>
