<?xml version="1.0" encoding="UTF-8"?>
<GenRun Id="rom4_synth_1" LaunchPart="xc7a100tcsg324-1" LaunchTime="1640141300">
  <File Type="PA-TCL" Name="rom4.tcl"/>
  <File Type="RDS-PROPCONSTRS" Name="rom4_drc_synth.rpt"/>
  <File Type="REPORTS-TCL" Name="rom4_reports.tcl"/>
  <File Type="RDS-RDS" Name="rom4.vds"/>
  <File Type="RDS-UTIL" Name="rom4_utilization_synth.rpt"/>
  <File Type="RDS-UTIL-PB" Name="rom4_utilization_synth.pb"/>
  <File Type="RDS-DCP" Name="rom4.dcp"/>
  <File Type="VDS-TIMINGSUMMARY" Name="rom4_timing_summary_synth.rpt"/>
  <File Type="VDS-TIMING-PB" Name="rom4_timing_summary_synth.pb"/>
  <FileSet Name="sources" Type="BlockSrcs" RelSrcDir="$PSRCDIR/rom4">
    <File Path="$PSRCDIR/sources_1/ip/rom4/rom4.xci">
      <FileInfo>
        <Attr Name="UsedIn" Val="synthesis"/>
        <Attr Name="UsedIn" Val="implementation"/>
        <Attr Name="UsedIn" Val="simulation"/>
      </FileInfo>
    </File>
    <Config>
      <Option Name="TopModule" Val="rom4"/>
      <Option Name="UseBlackboxStub" Val="1"/>
    </Config>
  </FileSet>
  <FileSet Name="constrs_in" Type="BlockSrcs" RelSrcDir="$PSRCDIR/rom4">
    <File Path="$PSRCDIR/sources_1/ip/rom4/rom4.xci">
      <FileInfo>
        <Attr Name="UsedIn" Val="synthesis"/>
        <Attr Name="UsedIn" Val="implementation"/>
        <Attr Name="UsedIn" Val="simulation"/>
      </FileInfo>
    </File>
    <Config>
      <Option Name="TopModule" Val="rom4"/>
      <Option Name="UseBlackboxStub" Val="1"/>
    </Config>
  </FileSet>
  <FileSet Name="utils" Type="Utils" RelSrcDir="$PSRCDIR/utils_1">
    <Filter Type="Utils"/>
    <Config>
      <Option Name="TopAutoSet" Val="TRUE"/>
    </Config>
  </FileSet>
  <Strategy Version="1" Minor="2">
    <StratHandle Name="Vivado Synthesis Defaults" Flow="Vivado Synthesis 2019"/>
    <Step Id="synth_design"/>
  </Strategy>
</GenRun>
