<?xml version="1.0"?>
<Runs Version="1" Minor="0">
	<Run Id="instrcution_memory_synth_1" LaunchDir="Y:/Programs/cod_projects/lab5/lab5.runs/instrcution_memory_synth_1" FlowId="Vivado_Synthesis" FromStepId="vivado" ToStepId="vivado"/>
	<Run Id="synth_1" LaunchDir="Y:/Programs/cod_projects/lab5/lab5.runs/synth_1" FlowId="Vivado_Synthesis" FromStepId="vivado" ToStepId="vivado">
		<Parent Id="instrcution_memory_synth_1"/>
	</Run>
	<Run Id="impl_1" LaunchDir="Y:/Programs/cod_projects/lab5/lab5.runs/impl_1" FlowId="Vivado_Implementation" FromStepId="init_design" ToStepId="write_bitstream">
		<Parent Id="synth_1"/>
		<Parent Id="instrcution_memory_synth_1"/>
	</Run>
	<Parameters>
		<Parameter Name="runs.monitorLSFJobs" Val="true" Type="bool"/>
	</Parameters>
</Runs>

