<?xml version="1.0"?>
<Runs Version="1" Minor="0">
	<Run Id="rom5_synth_1" LaunchDir="D:/moshushiyan/lab7_1/lab7.runs/rom5_synth_1" FlowId="Vivado_Synthesis" FromStepId="vivado" ToStepId="vivado"/>
	<Run Id="synth_1" LaunchDir="D:/moshushiyan/lab7_1/lab7.runs/synth_1" FlowId="Vivado_Synthesis" FromStepId="vivado" ToStepId="vivado">
		<Parent Id="rom5_synth_1"/>
	</Run>
	<Run Id="impl_1" LaunchDir="D:/moshushiyan/lab7_1/lab7.runs/impl_1" FlowId="Vivado_Implementation" FromStepId="init_design" ToStepId="write_bitstream">
		<Parent Id="synth_1"/>
		<Parent Id="rom5_synth_1"/>
	</Run>
	<Parameters>
		<Parameter Name="runs.monitorLSFJobs" Val="true" Type="bool"/>
	</Parameters>
</Runs>

