<?xml version="1.0" encoding="UTF-8"?>
<GenRun Id="rom2_synth_1" LaunchPart="xc7a100tcsg324-1" LaunchTime="1640142046">
  <File Type="PA-TCL" Name="rom2.tcl"/>
  <File Type="RDS-PROPCONSTRS" Name="rom2_drc_synth.rpt"/>
  <File Type="REPORTS-TCL" Name="rom2_reports.tcl"/>
  <File Type="RDS-RDS" Name="rom2.vds"/>
  <File Type="RDS-UTIL" Name="rom2_utilization_synth.rpt"/>
  <File Type="RDS-UTIL-PB" Name="rom2_utilization_synth.pb"/>
  <File Type="RDS-DCP" Name="rom2.dcp"/>
  <File Type="VDS-TIMINGSUMMARY" Name="rom2_timing_summary_synth.rpt"/>
  <File Type="VDS-TIMING-PB" Name="rom2_timing_summary_synth.pb"/>
  <FileSet Name="sources" Type="BlockSrcs" RelSrcDir="$PSRCDIR/rom2">
    <File Path="$PSRCDIR/sources_1/ip/rom2/rom2.xci">
      <FileInfo>
        <Attr Name="UsedIn" Val="synthesis"/>
        <Attr Name="UsedIn" Val="implementation"/>
        <Attr Name="UsedIn" Val="simulation"/>
      </FileInfo>
    </File>
    <Config>
      <Option Name="TopModule" Val="rom2"/>
      <Option Name="UseBlackboxStub" Val="1"/>
    </Config>
  </FileSet>
  <FileSet Name="constrs_in" Type="BlockSrcs" RelSrcDir="$PSRCDIR/rom2">
    <File Path="$PSRCDIR/sources_1/ip/rom2/rom2.xci">
      <FileInfo>
        <Attr Name="UsedIn" Val="synthesis"/>
        <Attr Name="UsedIn" Val="implementation"/>
        <Attr Name="UsedIn" Val="simulation"/>
      </FileInfo>
    </File>
    <Config>
      <Option Name="TopModule" Val="rom2"/>
      <Option Name="UseBlackboxStub" Val="1"/>
    </Config>
  </FileSet>
  <FileSet Name="utils" Type="Utils" RelSrcDir="$PSRCDIR/utils_1">
    <Filter Type="Utils"/>
    <Config>
      <Option Name="TopAutoSet" Val="TRUE"/>
    </Config>
  </FileSet>
  <Strategy Version="1" Minor="2">
    <StratHandle Name="Vivado Synthesis Defaults" Flow="Vivado Synthesis 2019"/>
    <Step Id="synth_design"/>
  </Strategy>
</GenRun>
