<?xml version="1.0" encoding="UTF-8"?>
<GenRun Id="synth_1" LaunchPart="xc7a100tcsg324-1" LaunchTime="1637679298">
  <File Type="PA-TCL" Name="DIO.tcl"/>
  <File Type="RDS-PROPCONSTRS" Name="DIO_drc_synth.rpt"/>
  <File Type="REPORTS-TCL" Name="DIO_reports.tcl"/>
  <File Type="RDS-RDS" Name="DIO.vds"/>
  <File Type="RDS-UTIL" Name="DIO_utilization_synth.rpt"/>
  <File Type="RDS-UTIL-PB" Name="DIO_utilization_synth.pb"/>
  <File Type="RDS-DCP" Name="DIO.dcp"/>
  <File Type="VDS-TIMINGSUMMARY" Name="DIO_timing_summary_synth.rpt"/>
  <File Type="VDS-TIMING-PB" Name="DIO_timing_summary_synth.pb"/>
  <FileSet Name="sources" Type="DesignSrcs" RelSrcDir="$PSRCDIR/sources_1">
    <Filter Type="Srcs"/>
    <File Path="$PSRCDIR/sources_1/imports/sources_1/new/AR.v">
      <FileInfo>
        <Attr Name="ImportPath" Val="$PPRDIR/../DIO/DIO.srcs/sources_1/new/AR.v"/>
        <Attr Name="ImportTime" Val="1637493928"/>
        <Attr Name="UsedIn" Val="synthesis"/>
        <Attr Name="UsedIn" Val="implementation"/>
        <Attr Name="UsedIn" Val="simulation"/>
      </FileInfo>
    </File>
    <File Path="$PSRCDIR/sources_1/imports/sources_1/new/DR.v">
      <FileInfo>
        <Attr Name="ImportPath" Val="$PPRDIR/../DIO/DIO.srcs/sources_1/new/DR.v"/>
        <Attr Name="ImportTime" Val="1637496984"/>
        <Attr Name="UsedIn" Val="synthesis"/>
        <Attr Name="UsedIn" Val="implementation"/>
        <Attr Name="UsedIn" Val="simulation"/>
      </FileInfo>
    </File>
    <File Path="$PSRCDIR/sources_1/imports/sources_1/new/EDC.v">
      <FileInfo>
        <Attr Name="ImportPath" Val="$PPRDIR/../DIO/DIO.srcs/sources_1/new/EDC.v"/>
        <Attr Name="ImportTime" Val="1637474202"/>
        <Attr Name="UsedIn" Val="synthesis"/>
        <Attr Name="UsedIn" Val="implementation"/>
        <Attr Name="UsedIn" Val="simulation"/>
      </FileInfo>
    </File>
    <File Path="$PSRCDIR/sources_1/imports/sources_1/new/PS.v">
      <FileInfo>
        <Attr Name="ImportPath" Val="$PPRDIR/../DIO/DIO.srcs/sources_1/new/PS.v"/>
        <Attr Name="ImportTime" Val="1637501490"/>
        <Attr Name="UsedIn" Val="synthesis"/>
        <Attr Name="UsedIn" Val="implementation"/>
        <Attr Name="UsedIn" Val="simulation"/>
      </FileInfo>
    </File>
    <File Path="$PSRCDIR/sources_1/imports/sources_1/new/PS2.v">
      <FileInfo>
        <Attr Name="ImportPath" Val="$PPRDIR/../DIO/DIO.srcs/sources_1/new/PS2.v"/>
        <Attr Name="ImportTime" Val="1637502474"/>
        <Attr Name="UsedIn" Val="synthesis"/>
        <Attr Name="UsedIn" Val="implementation"/>
        <Attr Name="UsedIn" Val="simulation"/>
      </FileInfo>
    </File>
    <File Path="$PSRCDIR/sources_1/imports/sources_1/new/RF.v">
      <FileInfo>
        <Attr Name="ImportPath" Val="$PPRDIR/../DIO/DIO.srcs/sources_1/new/RF.v"/>
        <Attr Name="ImportTime" Val="1637474084"/>
        <Attr Name="UsedIn" Val="synthesis"/>
        <Attr Name="UsedIn" Val="implementation"/>
        <Attr Name="UsedIn" Val="simulation"/>
      </FileInfo>
    </File>
    <File Path="$PSRCDIR/sources_1/imports/sources_1/imports/new/counter.v">
      <FileInfo>
        <Attr Name="ImportPath" Val="$PPRDIR/../DIO/DIO.srcs/sources_1/imports/new/counter.v"/>
        <Attr Name="ImportTime" Val="1637475756"/>
        <Attr Name="UsedIn" Val="synthesis"/>
        <Attr Name="UsedIn" Val="implementation"/>
        <Attr Name="UsedIn" Val="simulation"/>
      </FileInfo>
    </File>
    <File Path="$PSRCDIR/sources_1/imports/sources_1/new/d_trigger.v">
      <FileInfo>
        <Attr Name="ImportPath" Val="$PPRDIR/../DIO/DIO.srcs/sources_1/new/d_trigger.v"/>
        <Attr Name="ImportTime" Val="1637494527"/>
        <Attr Name="UsedIn" Val="synthesis"/>
        <Attr Name="UsedIn" Val="implementation"/>
        <Attr Name="UsedIn" Val="simulation"/>
      </FileInfo>
    </File>
    <File Path="$PSRCDIR/sources_1/imports/sources_1/new/db.v">
      <FileInfo>
        <Attr Name="ImportPath" Val="$PPRDIR/../DIO/DIO.srcs/sources_1/new/db.v"/>
        <Attr Name="ImportTime" Val="1637474149"/>
        <Attr Name="UsedIn" Val="synthesis"/>
        <Attr Name="UsedIn" Val="implementation"/>
        <Attr Name="UsedIn" Val="simulation"/>
      </FileInfo>
    </File>
    <File Path="$PSRCDIR/sources_1/imports/sources_1/imports/new/decoder7.v">
      <FileInfo>
        <Attr Name="ImportPath" Val="$PPRDIR/../DIO/DIO.srcs/sources_1/imports/new/decoder7.v"/>
        <Attr Name="ImportTime" Val="1637060943"/>
        <Attr Name="UsedIn" Val="synthesis"/>
        <Attr Name="UsedIn" Val="implementation"/>
        <Attr Name="UsedIn" Val="simulation"/>
      </FileInfo>
    </File>
    <File Path="$PSRCDIR/sources_1/imports/sources_1/imports/new/decodercnt.v">
      <FileInfo>
        <Attr Name="ImportPath" Val="$PPRDIR/../DIO/DIO.srcs/sources_1/imports/new/decodercnt.v"/>
        <Attr Name="ImportTime" Val="1637473921"/>
        <Attr Name="UsedIn" Val="synthesis"/>
        <Attr Name="UsedIn" Val="implementation"/>
        <Attr Name="UsedIn" Val="simulation"/>
      </FileInfo>
    </File>
    <File Path="$PSRCDIR/sources_1/imports/sources_1/imports/new/fpq.v">
      <FileInfo>
        <Attr Name="ImportPath" Val="$PPRDIR/../DIO/DIO.srcs/sources_1/imports/new/fpq.v"/>
        <Attr Name="ImportTime" Val="1637476261"/>
        <Attr Name="UsedIn" Val="synthesis"/>
        <Attr Name="UsedIn" Val="implementation"/>
        <Attr Name="UsedIn" Val="simulation"/>
      </FileInfo>
    </File>
    <File Path="$PSRCDIR/sources_1/imports/sources_1/new/fsm.v">
      <FileInfo>
        <Attr Name="ImportPath" Val="$PPRDIR/../DIO/DIO.srcs/sources_1/new/fsm.v"/>
        <Attr Name="ImportTime" Val="1637502348"/>
        <Attr Name="UsedIn" Val="synthesis"/>
        <Attr Name="UsedIn" Val="implementation"/>
        <Attr Name="UsedIn" Val="simulation"/>
      </FileInfo>
    </File>
    <File Path="$PSRCDIR/sources_1/imports/sources_1/imports/new/getall.v">
      <FileInfo>
        <Attr Name="ImportPath" Val="$PPRDIR/../DIO/DIO.srcs/sources_1/imports/new/getall.v"/>
        <Attr Name="ImportTime" Val="1637473981"/>
        <Attr Name="UsedIn" Val="synthesis"/>
        <Attr Name="UsedIn" Val="implementation"/>
        <Attr Name="UsedIn" Val="simulation"/>
      </FileInfo>
    </File>
    <File Path="$PSRCDIR/sources_1/imports/sources_1/imports/new/mux.v">
      <FileInfo>
        <Attr Name="ImportPath" Val="$PPRDIR/../DIO/DIO.srcs/sources_1/imports/new/mux.v"/>
        <Attr Name="ImportTime" Val="1637473983"/>
        <Attr Name="UsedIn" Val="synthesis"/>
        <Attr Name="UsedIn" Val="implementation"/>
        <Attr Name="UsedIn" Val="simulation"/>
      </FileInfo>
    </File>
    <File Path="$PSRCDIR/sources_1/imports/sources_1/new/DIO.v">
      <FileInfo>
        <Attr Name="ImportPath" Val="$PPRDIR/../DIO/DIO.srcs/sources_1/new/DIO.v"/>
        <Attr Name="ImportTime" Val="1637502536"/>
        <Attr Name="UsedIn" Val="synthesis"/>
        <Attr Name="UsedIn" Val="implementation"/>
        <Attr Name="UsedIn" Val="simulation"/>
      </FileInfo>
    </File>
    <File Path="$PSRCDIR/sources_1/new/sort.v">
      <FileInfo>
        <Attr Name="AutoDisabled" Val="1"/>
        <Attr Name="UsedIn" Val="synthesis"/>
        <Attr Name="UsedIn" Val="implementation"/>
        <Attr Name="UsedIn" Val="simulation"/>
      </FileInfo>
    </File>
    <Config>
      <Option Name="DesignMode" Val="RTL"/>
      <Option Name="TopModule" Val="DIO"/>
      <Option Name="TopAutoSet" Val="TRUE"/>
    </Config>
  </FileSet>
  <FileSet Name="constrs_in" Type="Constrs" RelSrcDir="$PSRCDIR/constrs_1">
    <Filter Type="Constrs"/>
    <File Path="$PSRCDIR/constrs_1/imports/Programs/Nexys4DDR_Master.xdc">
      <FileInfo>
        <Attr Name="ImportPath" Val="$PPRDIR/../DIO/DIO.srcs/constrs_1/imports/Programs/Nexys4DDR_Master.xdc"/>
        <Attr Name="ImportTime" Val="1637475305"/>
        <Attr Name="UsedIn" Val="synthesis"/>
        <Attr Name="UsedIn" Val="implementation"/>
      </FileInfo>
    </File>
    <Config>
      <Option Name="ConstrsType" Val="XDC"/>
    </Config>
  </FileSet>
  <FileSet Name="utils" Type="Utils" RelSrcDir="$PSRCDIR/utils_1">
    <Filter Type="Utils"/>
    <Config>
      <Option Name="TopAutoSet" Val="TRUE"/>
    </Config>
  </FileSet>
  <Strategy Version="1" Minor="2">
    <StratHandle Name="Vivado Synthesis Defaults" Flow="Vivado Synthesis 2019"/>
    <Step Id="synth_design"/>
  </Strategy>
</GenRun>
