<?xml version="1.0" encoding="UTF-8"?>
<GenRun Id="impl_1" LaunchPart="xc7a100ticsg324-1L" LaunchTime="1650807325">
  <File Type="BITSTR-BMM" Name="pdu_cpu_bd.bmm"/>
  <File Type="OPT-METHODOLOGY-DRC" Name="pdu_cpu_methodology_drc_opted.rpt"/>
  <File Type="INIT-TIMING" Name="pdu_cpu_timing_summary_init.rpt"/>
  <File Type="ROUTE-PWR" Name="pdu_cpu_power_routed.rpt"/>
  <File Type="PA-TCL" Name="pdu_cpu.tcl"/>
  <File Type="OPT-TIMING" Name="pdu_cpu_timing_summary_opted.rpt"/>
  <File Type="OPT-DCP" Name="pdu_cpu_opt.dcp"/>
  <File Type="ROUTE-PWR-SUM" Name="pdu_cpu_power_summary_routed.pb"/>
  <File Type="REPORTS-TCL" Name="pdu_cpu_reports.tcl"/>
  <File Type="OPT-DRC" Name="pdu_cpu_drc_opted.rpt"/>
  <File Type="OPT-HWDEF" Name="pdu_cpu.hwdef"/>
  <File Type="PWROPT-DCP" Name="pdu_cpu_pwropt.dcp"/>
  <File Type="PWROPT-DRC" Name="pdu_cpu_drc_pwropted.rpt"/>
  <File Type="PWROPT-TIMING" Name="pdu_cpu_timing_summary_pwropted.rpt"/>
  <File Type="PLACE-DCP" Name="pdu_cpu_placed.dcp"/>
  <File Type="PLACE-IO" Name="pdu_cpu_io_placed.rpt"/>
  <File Type="PLACE-CLK" Name="pdu_cpu_clock_utilization_placed.rpt"/>
  <File Type="PLACE-UTIL" Name="pdu_cpu_utilization_placed.rpt"/>
  <File Type="PLACE-UTIL-PB" Name="pdu_cpu_utilization_placed.pb"/>
  <File Type="PLACE-CTRL" Name="pdu_cpu_control_sets_placed.rpt"/>
  <File Type="PLACE-SIMILARITY" Name="pdu_cpu_incremental_reuse_placed.rpt"/>
  <File Type="PLACE-PRE-SIMILARITY" Name="pdu_cpu_incremental_reuse_pre_placed.rpt"/>
  <File Type="BG-BGN" Name="pdu_cpu.bgn"/>
  <File Type="PLACE-TIMING" Name="pdu_cpu_timing_summary_placed.rpt"/>
  <File Type="POSTPLACE-PWROPT-DCP" Name="pdu_cpu_postplace_pwropt.dcp"/>
  <File Type="BG-BIN" Name="pdu_cpu.bin"/>
  <File Type="POSTPLACE-PWROPT-TIMING" Name="pdu_cpu_timing_summary_postplace_pwropted.rpt"/>
  <File Type="PHYSOPT-DCP" Name="pdu_cpu_physopt.dcp"/>
  <File Type="PHYSOPT-DRC" Name="pdu_cpu_drc_physopted.rpt"/>
  <File Type="BITSTR-MSK" Name="pdu_cpu.msk"/>
  <File Type="PHYSOPT-TIMING" Name="pdu_cpu_timing_summary_physopted.rpt"/>
  <File Type="ROUTE-ERROR-DCP" Name="pdu_cpu_routed_error.dcp"/>
  <File Type="ROUTE-DCP" Name="pdu_cpu_routed.dcp"/>
  <File Type="ROUTE-BLACKBOX-DCP" Name="pdu_cpu_routed_bb.dcp"/>
  <File Type="ROUTE-DRC" Name="pdu_cpu_drc_routed.rpt"/>
  <File Type="ROUTE-DRC-PB" Name="pdu_cpu_drc_routed.pb"/>
  <File Type="BITSTR-LTX" Name="debug_nets.ltx"/>
  <File Type="BITSTR-LTX" Name="pdu_cpu.ltx"/>
  <File Type="ROUTE-DRC-RPX" Name="pdu_cpu_drc_routed.rpx"/>
  <File Type="BITSTR-MMI" Name="pdu_cpu.mmi"/>
  <File Type="ROUTE-METHODOLOGY-DRC" Name="pdu_cpu_methodology_drc_routed.rpt"/>
  <File Type="ROUTE-METHODOLOGY-DRC-RPX" Name="pdu_cpu_methodology_drc_routed.rpx"/>
  <File Type="BITSTR-SYSDEF" Name="pdu_cpu.sysdef"/>
  <File Type="ROUTE-METHODOLOGY-DRC-PB" Name="pdu_cpu_methodology_drc_routed.pb"/>
  <File Type="ROUTE-PWR-RPX" Name="pdu_cpu_power_routed.rpx"/>
  <File Type="ROUTE-STATUS" Name="pdu_cpu_route_status.rpt"/>
  <File Type="ROUTE-STATUS-PB" Name="pdu_cpu_route_status.pb"/>
  <File Type="ROUTE-TIMINGSUMMARY" Name="pdu_cpu_timing_summary_routed.rpt"/>
  <File Type="ROUTE-TIMING-PB" Name="pdu_cpu_timing_summary_routed.pb"/>
  <File Type="ROUTE-TIMING-RPX" Name="pdu_cpu_timing_summary_routed.rpx"/>
  <File Type="ROUTE-SIMILARITY" Name="pdu_cpu_incremental_reuse_routed.rpt"/>
  <File Type="ROUTE-CLK" Name="pdu_cpu_clock_utilization_routed.rpt"/>
  <File Type="ROUTE-BUS-SKEW" Name="pdu_cpu_bus_skew_routed.rpt"/>
  <File Type="ROUTE-BUS-SKEW-PB" Name="pdu_cpu_bus_skew_routed.pb"/>
  <File Type="ROUTE-BUS-SKEW-RPX" Name="pdu_cpu_bus_skew_routed.rpx"/>
  <File Type="POSTROUTE-PHYSOPT-DCP" Name="pdu_cpu_postroute_physopt.dcp"/>
  <File Type="POSTROUTE-PHYSOPT-BLACKBOX-DCP" Name="pdu_cpu_postroute_physopt_bb.dcp"/>
  <File Type="POSTROUTE-PHYSOPT-TIMING" Name="pdu_cpu_timing_summary_postroute_physopted.rpt"/>
  <File Type="POSTROUTE-PHYSOPT-TIMING-PB" Name="pdu_cpu_timing_summary_postroute_physopted.pb"/>
  <File Type="POSTROUTE-PHYSOPT-TIMING-RPX" Name="pdu_cpu_timing_summary_postroute_physopted.rpx"/>
  <File Type="POSTROUTE-PHYSOPT-BUS-SKEW" Name="pdu_cpu_bus_skew_postroute_physopted.rpt"/>
  <File Type="POSTROUTE-PHYSOPT-BUS-SKEW-PB" Name="pdu_cpu_bus_skew_postroute_physopted.pb"/>
  <File Type="BG-BIT" Name="pdu_cpu.bit"/>
  <File Type="POSTROUTE-PHYSOPT-BUS-SKEW-RPX" Name="pdu_cpu_bus_skew_postroute_physopted.rpx"/>
  <File Type="BITSTR-RBT" Name="pdu_cpu.rbt"/>
  <File Type="BITSTR-NKY" Name="pdu_cpu.nky"/>
  <File Type="BG-DRC" Name="pdu_cpu.drc"/>
  <File Type="RDI-RDI" Name="pdu_cpu.vdi"/>
  <File Type="WBT-USG" Name="usage_statistics_webtalk.html"/>
  <FileSet Name="sources" Type="DesignSrcs" RelSrcDir="$PSRCDIR/sources_1">
    <Filter Type="Srcs"/>
    <File Path="$PSRCDIR/sources_1/ip/instrcution_memory/instrcution_memory.xci">
      <FileInfo>
        <Attr Name="UsedIn" Val="synthesis"/>
        <Attr Name="UsedIn" Val="implementation"/>
        <Attr Name="UsedIn" Val="simulation"/>
      </FileInfo>
    </File>
    <File Path="$PSRCDIR/sources_1/new/Forwarding_unit.v">
      <FileInfo>
        <Attr Name="UsedIn" Val="synthesis"/>
        <Attr Name="UsedIn" Val="implementation"/>
        <Attr Name="UsedIn" Val="simulation"/>
      </FileInfo>
    </File>
    <File Path="$PSRCDIR/sources_1/new/Hazard_detection_unit.v">
      <FileInfo>
        <Attr Name="UsedIn" Val="synthesis"/>
        <Attr Name="UsedIn" Val="implementation"/>
        <Attr Name="UsedIn" Val="simulation"/>
      </FileInfo>
    </File>
    <File Path="$PSRCDIR/sources_1/new/RF.v">
      <FileInfo>
        <Attr Name="UsedIn" Val="synthesis"/>
        <Attr Name="UsedIn" Val="implementation"/>
        <Attr Name="UsedIn" Val="simulation"/>
      </FileInfo>
    </File>
    <File Path="$PSRCDIR/sources_1/new/alu.v">
      <FileInfo>
        <Attr Name="UsedIn" Val="synthesis"/>
        <Attr Name="UsedIn" Val="implementation"/>
        <Attr Name="UsedIn" Val="simulation"/>
      </FileInfo>
    </File>
    <File Path="$PSRCDIR/sources_1/new/control.v">
      <FileInfo>
        <Attr Name="UsedIn" Val="synthesis"/>
        <Attr Name="UsedIn" Val="implementation"/>
        <Attr Name="UsedIn" Val="simulation"/>
      </FileInfo>
    </File>
    <File Path="$PSRCDIR/sources_1/new/cpu_pl.v">
      <FileInfo>
        <Attr Name="UsedIn" Val="synthesis"/>
        <Attr Name="UsedIn" Val="implementation"/>
        <Attr Name="UsedIn" Val="simulation"/>
      </FileInfo>
    </File>
    <File Path="$PSRCDIR/sources_1/new/imm_gen.v">
      <FileInfo>
        <Attr Name="UsedIn" Val="synthesis"/>
        <Attr Name="UsedIn" Val="implementation"/>
        <Attr Name="UsedIn" Val="simulation"/>
      </FileInfo>
    </File>
    <File Path="$PSRCDIR/sources_1/new/mux_2_32.v">
      <FileInfo>
        <Attr Name="UsedIn" Val="synthesis"/>
        <Attr Name="UsedIn" Val="implementation"/>
        <Attr Name="UsedIn" Val="simulation"/>
      </FileInfo>
    </File>
    <File Path="$PSRCDIR/sources_1/new/mux_3_32.v">
      <FileInfo>
        <Attr Name="UsedIn" Val="synthesis"/>
        <Attr Name="UsedIn" Val="implementation"/>
        <Attr Name="UsedIn" Val="simulation"/>
      </FileInfo>
    </File>
    <File Path="$PSRCDIR/sources_1/new/pc.v">
      <FileInfo>
        <Attr Name="UsedIn" Val="synthesis"/>
        <Attr Name="UsedIn" Val="implementation"/>
        <Attr Name="UsedIn" Val="simulation"/>
      </FileInfo>
    </File>
    <File Path="$PSRCDIR/sources_1/imports/cod_projects/pdu-v1.1.v">
      <FileInfo>
        <Attr Name="ImportPath" Val="$PPRDIR/../pdu-v1.1.v"/>
        <Attr Name="ImportTime" Val="1650767107"/>
        <Attr Name="UsedIn" Val="synthesis"/>
        <Attr Name="UsedIn" Val="implementation"/>
        <Attr Name="UsedIn" Val="simulation"/>
      </FileInfo>
    </File>
    <File Path="$PSRCDIR/sources_1/new/pdu_cpu.v">
      <FileInfo>
        <Attr Name="UsedIn" Val="synthesis"/>
        <Attr Name="UsedIn" Val="implementation"/>
        <Attr Name="UsedIn" Val="simulation"/>
      </FileInfo>
    </File>
    <File Path="$PPRDIR/../../sort_code_v7.coe">
      <FileInfo>
        <Attr Name="UsedIn" Val="synthesis"/>
        <Attr Name="UsedIn" Val="simulation"/>
      </FileInfo>
    </File>
    <File Path="$PPRDIR/../../test.coe">
      <FileInfo>
        <Attr Name="UsedIn" Val="synthesis"/>
        <Attr Name="UsedIn" Val="simulation"/>
      </FileInfo>
    </File>
    <File Path="$PPRDIR/../../testis.coe">
      <FileInfo>
        <Attr Name="UsedIn" Val="synthesis"/>
        <Attr Name="UsedIn" Val="simulation"/>
      </FileInfo>
    </File>
    <Config>
      <Option Name="DesignMode" Val="RTL"/>
      <Option Name="TopModule" Val="pdu_cpu"/>
      <Option Name="TopAutoSet" Val="TRUE"/>
    </Config>
  </FileSet>
  <FileSet Name="constrs_in" Type="Constrs" RelSrcDir="$PSRCDIR/constrs_1">
    <Filter Type="Constrs"/>
    <File Path="$PSRCDIR/constrs_1/imports/cod_projects/Nexys4DDR_Master.xdc">
      <FileInfo>
        <Attr Name="ImportPath" Val="$PPRDIR/../../lab4/lab4.srcs/constrs_1/imports/cod_projects/Nexys4DDR_Master.xdc"/>
        <Attr Name="ImportTime" Val="1649648773"/>
        <Attr Name="UsedIn" Val="synthesis"/>
        <Attr Name="UsedIn" Val="implementation"/>
      </FileInfo>
    </File>
    <Config>
      <Option Name="ConstrsType" Val="XDC"/>
    </Config>
  </FileSet>
  <FileSet Name="utils" Type="Utils" RelSrcDir="$PSRCDIR/utils_1">
    <Filter Type="Utils"/>
    <Config>
      <Option Name="TopAutoSet" Val="TRUE"/>
    </Config>
  </FileSet>
  <Strategy Version="1" Minor="2">
    <StratHandle Name="Vivado Implementation Defaults" Flow="Vivado Implementation 2019"/>
    <Step Id="init_design"/>
    <Step Id="opt_design"/>
    <Step Id="power_opt_design"/>
    <Step Id="place_design"/>
    <Step Id="post_place_power_opt_design"/>
    <Step Id="phys_opt_design"/>
    <Step Id="route_design"/>
    <Step Id="post_route_phys_opt_design"/>
    <Step Id="write_bitstream"/>
  </Strategy>
  <BlockFileSet Type="BlockSrcs" Name="data_memory"/>
</GenRun>
